id,title,url
001,First clip,https://www.youtube.com/watch?v=ZL_Cwof_cp4&list=PLJpenQiEURu2DhdXWX6UpXQeMeb-pyjT4&index=1&pp=iAQB
002,Second clip,https://www.youtube.com/watch?v=4jZsm7AhMIs&list=PLJpenQiEURu2DhdXWX6UpXQeMeb-pyjT4&index=2&pp=iAQB
003,Third clip,https://www.youtube.com/watch?v=MmhQ_yNwJjw&list=PLJpenQiEURu2DhdXWX6UpXQeMeb-pyjT4&index=3&pp=iAQB
004,Fourth clip,https://www.youtube.com/watch?v=qVn-oBDIaC4&list=PLJpenQiEURu2DhdXWX6UpXQeMeb-pyjT4&index=4&pp=iAQB
005,Fifth clip,https://www.youtube.com/watch?v=tvyWx4zr5po&list=PLJpenQiEURu2DhdXWX6UpXQeMeb-pyjT4&index=5&pp=iAQB
006,Sixth clip,https://www.youtube.com/watch?v=mmgj-V7wkCM&list=PLJpenQiEURu2DhdXWX6UpXQeMeb-pyjT4&index=6&pp=iAQB
007,Seventh clip,https://www.youtube.com/watch?v=1N9Xk8HM_Cg&list=PLJpenQiEURu2DhdXWX6UpXQeMeb-pyjT4&index=8&pp=iAQB0gcJCT4LAYcqIYzv
008,Eighth clip,https://www.youtube.com/watch?v=nvyEXGoHH7g&list=PLJpenQiEURu2DhdXWX6UpXQeMeb-pyjT4&index=9&pp=iAQB
009,Ninth clip,https://www.youtube.com/watch?v=hvUEoszRiZE&list=PLJpenQiEURu2DhdXWX6UpXQeMeb-pyjT4&index=11&pp=iAQB
010,Tenth clip,https://www.youtube.com/watch?v=cBuZJPcDY8Y&list=PLJpenQiEURu2DhdXWX6UpXQeMeb-pyjT4&index=12&pp=iAQB